country,year,gdp_per_capita_us100,gdp_per_hour_us100,hours_per_worker_us100,workers_per_working_age_us100,working_age_share_us100,working_age_definition,working_age_source
United States,2000,100.000000,100.000000,100.000000,100.000000,100.000000,Population aged 15-74,AMECO NPAN1
United States,2001,100.000000,100.000000,100.000000,100.000000,100.000000,Population aged 15-74,AMECO NPAN1
United States,2002,100.000000,100.000000,100.000000,100.000000,100.000000,Population aged 15-74,AMECO NPAN1
United States,2003,100.000000,100.000000,100.000000,100.000000,100.000000,Population aged 15-74,AMECO NPAN1
United States,2004,100.000000,100.000000,100.000000,100.000000,100.000000,Population aged 15-74,AMECO NPAN1
United States,2005,100.000000,100.000000,100.000000,100.000000,100.000000,Population aged 15-74,AMECO NPAN1
United States,2006,100.000000,100.000000,100.000000,100.000000,100.000000,Population aged 15-74,AMECO NPAN1
United States,2007,100.000000,100.000000,100.000000,100.000000,100.000000,Population aged 15-74,AMECO NPAN1
United States,2008,100.000000,100.000000,100.000000,100.000000,100.000000,Population aged 15-74,AMECO NPAN1
United States,2009,100.000000,100.000000,100.000000,100.000000,100.000000,Population aged 15-74,AMECO NPAN1
United States,2010,100.000000,100.000000,100.000000,100.000000,100.000000,Population aged 15-74,AMECO NPAN1
United States,2011,100.000000,100.000000,100.000000,100.000000,100.000000,Population aged 15-74,AMECO NPAN1
United States,2012,100.000000,100.000000,100.000000,100.000000,100.000000,Population aged 15-74,AMECO NPAN1
United States,2013,100.000000,100.000000,100.000000,100.000000,100.000000,Population aged 15-74,AMECO NPAN1
United States,2014,100.000000,100.000000,100.000000,100.000000,100.000000,Population aged 15-74,AMECO NPAN1
United States,2015,100.000000,100.000000,100.000000,100.000000,100.000000,Population aged 15-74,AMECO NPAN1
United States,2016,100.000000,100.000000,100.000000,100.000000,100.000000,Population aged 15-74,AMECO NPAN1
United States,2017,100.000000,100.000000,100.000000,100.000000,100.000000,Population aged 15-74,AMECO NPAN1
United States,2018,100.000000,100.000000,100.000000,100.000000,100.000000,Population aged 15-74,AMECO NPAN1
United States,2019,100.000000,100.000000,100.000000,100.000000,100.000000,Population aged 15-74,AMECO NPAN1
United States,2020,100.000000,100.000000,100.000000,100.000000,100.000000,Population aged 15-74,AMECO NPAN1
United States,2021,100.000000,100.000000,100.000000,100.000000,100.000000,Population aged 15-74,AMECO NPAN1
United States,2022,100.000000,100.000000,100.000000,100.000000,100.000000,Population aged 15-74,AMECO NPAN1
United States,2023,100.000000,100.000000,100.000000,100.000000,100.000000,Population aged 15-74,AMECO NPAN1
United States,2024,100.000000,100.000000,100.000000,100.000000,100.000000,Population aged 15-74,AMECO NPAN1
United States,2025,100.000000,100.000000,100.000000,100.000000,100.000000,Population aged 15-74,AMECO NPAN1
Germany,2000,83.921521,104.351309,85.872015,88.206277,106.175498,Population aged 15-74,AMECO NPAN1
Germany,2001,85.234068,104.503651,86.301496,89.023277,106.159743,Population aged 15-74,AMECO NPAN1
Germany,2002,84.320566,102.518614,85.964225,90.054150,106.245197,Population aged 15-74,AMECO NPAN1
Germany,2003,82.378461,100.432648,85.776824,89.962476,106.293669,Population aged 15-74,AMECO NPAN1
Germany,2004,81.064582,98.717428,85.613354,90.315585,106.202099,Population aged 15-74,AMECO NPAN1
Germany,2005,79.882285,98.395323,84.916422,90.103045,106.107203,Population aged 15-74,AMECO NPAN1
Germany,2006,81.659764,99.125571,85.924325,90.388048,106.070662,Population aged 15-74,AMECO NPAN1
Germany,2007,83.342194,98.672948,86.285800,92.300963,106.052587,Population aged 15-74,AMECO NPAN1
Germany,2008,85.011377,97.480725,85.929027,95.717556,106.029523,Population aged 15-74,AMECO NPAN1
Germany,2009,83.461735,91.600643,84.902458,101.357486,105.879722,Population aged 15-74,AMECO NPAN1
Germany,2010,85.547671,91.317872,85.304494,105.075898,104.514702,Population aged 15-74,AMECO NPAN1
Germany,2011,88.110529,93.472802,84.933519,107.663711,103.084670,Population aged 15-74,AMECO NPAN1
Germany,2012,87.099175,93.829608,83.684965,107.891879,102.810612,Population aged 15-74,AMECO NPAN1
Germany,2013,86.369305,93.809490,83.063511,108.267009,102.377902,Population aged 15-74,AMECO NPAN1
Germany,2014,86.699717,94.364774,83.182551,108.426646,101.868409,Population aged 15-74,AMECO NPAN1
Germany,2015,85.868272,94.399693,83.244106,107.850685,101.317798,Population aged 15-74,AMECO NPAN1
Germany,2016,86.452116,95.449947,82.931628,108.298218,100.845944,Population aged 15-74,AMECO NPAN1
Germany,2017,87.342566,96.429068,82.404863,109.277797,100.584996,Population aged 15-74,AMECO NPAN1
Germany,2018,86.172173,95.530571,82.027627,109.438858,100.483087,Population aged 15-74,AMECO NPAN1
Germany,2019,85.218786,94.896589,81.544417,110.229673,99.906096,Population aged 15-74,AMECO NPAN1
Germany,2020,83.847725,91.455041,78.822803,116.946219,99.459341,Population aged 15-74,AMECO NPAN1
Germany,2021,82.372167,91.512490,79.374269,113.992147,99.482215,Population aged 15-74,AMECO NPAN1
Germany,2022,81.719906,92.800575,79.453630,111.102951,99.755731,Population aged 15-74,AMECO NPAN1
Germany,2023,78.622015,90.231059,79.443991,109.469635,100.192078,Population aged 15-74,AMECO NPAN1
Germany,2024,76.574047,88.127600,79.532260,109.077373,100.159388,Population aged 15-74,AMECO NPAN1
Germany,2025,75.576449,86.801924,79.349927,109.607747,100.108129,Population aged 15-74,AMECO NPAN1
France,2000,76.009023,104.157034,89.101376,81.570772,100.405512,Population aged 15-74,AMECO NPAN1
France,2001,76.900357,103.585310,88.831302,83.476840,100.114770,Population aged 15-74,AMECO NPAN1
France,2002,76.571390,103.581326,87.078557,84.984039,99.893326,Population aged 15-74,AMECO NPAN1
France,2003,75.382304,101.237268,87.440783,85.453787,99.651453,Population aged 15-74,AMECO NPAN1
France,2004,74.805014,99.745250,88.681026,85.163725,99.300888,Population aged 15-74,AMECO NPAN1
France,2005,73.791533,98.769589,88.706966,85.151009,98.908989,Population aged 15-74,AMECO NPAN1
France,2006,73.941019,100.453899,87.660456,85.224091,98.526380,Population aged 15-74,AMECO NPAN1
France,2007,74.585433,98.549611,89.242634,86.378765,98.179255,Population aged 15-74,AMECO NPAN1
France,2008,75.075952,96.852852,89.737197,88.287620,97.839929,Population aged 15-74,AMECO NPAN1
France,2009,75.190870,92.907974,90.464436,91.756053,97.498855,Population aged 15-74,AMECO NPAN1
France,2010,74.946783,91.790340,90.188164,93.099549,97.243122,Population aged 15-74,AMECO NPAN1
France,2011,75.841591,92.879237,90.021678,93.503465,97.009438,Population aged 15-74,AMECO NPAN1
France,2012,74.513166,92.705242,89.634532,92.611495,96.825215,Population aged 15-74,AMECO NPAN1
France,2013,73.929526,93.798838,88.704404,91.762272,96.830265,Population aged 15-74,AMECO NPAN1
France,2014,73.197627,94.414544,88.018008,90.961762,96.833963,Population aged 15-74,AMECO NPAN1
France,2015,72.274474,94.592054,87.909565,89.808054,96.778494,Population aged 15-74,AMECO NPAN1
France,2016,71.985767,94.303069,88.047711,89.488175,96.880661,Population aged 15-74,AMECO NPAN1
France,2017,72.083579,95.250855,86.991141,89.637244,97.051876,Population aged 15-74,AMECO NPAN1
France,2018,71.254918,94.151783,87.454324,89.019484,97.212014,Population aged 15-74,AMECO NPAN1
France,2019,70.963088,93.370491,87.726002,89.385032,96.923643,Population aged 15-74,AMECO NPAN1
France,2020,67.118418,89.372582,81.874010,94.893806,96.661488,Population aged 15-74,AMECO NPAN1
France,2021,67.404235,86.825714,85.197518,94.264113,96.664163,Population aged 15-74,AMECO NPAN1
France,2022,67.649050,86.401970,86.767088,93.187265,96.833687,Population aged 15-74,AMECO NPAN1
France,2023,67.040132,85.018482,87.320020,92.870138,97.237009,Population aged 15-74,AMECO NPAN1
France,2024,66.408937,83.291563,87.999753,93.156966,97.258760,Population aged 15-74,AMECO NPAN1
France,2025,65.810893,82.901373,87.355158,93.396393,97.301023,Population aged 15-74,AMECO NPAN1
Italy,2000,81.365150,99.329115,108.018465,71.648748,105.841321,Population aged 15-74,AMECO NPAN1
Italy,2001,82.944965,97.726814,108.947676,73.914476,105.397136,Population aged 15-74,AMECO NPAN1
Italy,2002,82.368419,94.492136,107.155151,77.500117,104.966243,Population aged 15-74,AMECO NPAN1
Italy,2003,80.488738,91.157033,105.341657,80.169624,104.552625,Population aged 15-74,AMECO NPAN1
Italy,2004,78.769899,89.673856,105.315086,80.148087,104.066440,Population aged 15-74,AMECO NPAN1
Italy,2005,76.962613,88.232345,105.386389,79.999362,103.462015,Population aged 15-74,AMECO NPAN1
Italy,2006,76.646533,87.217257,105.680740,80.817873,102.893237,Population aged 15-74,AMECO NPAN1
Italy,2007,76.502122,85.821212,106.519752,81.654890,102.486460,Population aged 15-74,AMECO NPAN1
Italy,2008,75.754026,84.275386,106.093584,82.942441,102.150157,Population aged 15-74,AMECO NPAN1
Italy,2009,73.872661,80.087366,105.969157,85.519756,101.782661,Population aged 15-74,AMECO NPAN1
Italy,2010,73.316976,79.676892,105.231239,86.191767,101.452252,Population aged 15-74,AMECO NPAN1
Italy,2011,73.023186,80.157186,104.493282,86.188098,101.153904,Population aged 15-74,AMECO NPAN1
Italy,2012,69.511425,79.292392,102.558372,84.710585,100.905739,Population aged 15-74,AMECO NPAN1
Italy,2013,67.384086,79.589103,101.519669,82.879833,100.624718,Population aged 15-74,AMECO NPAN1
Italy,2014,66.385821,79.376469,101.468148,82.163620,100.316935,Population aged 15-74,AMECO NPAN1
Italy,2015,65.820918,78.956745,101.540432,82.031784,100.081439,Population aged 15-74,AMECO NPAN1
Italy,2016,66.175283,78.429114,101.695633,82.914653,100.065624,Population aged 15-74,AMECO NPAN1
Italy,2017,66.342826,78.111383,101.770128,83.256296,100.240272,Population aged 15-74,AMECO NPAN1
Italy,2018,65.485001,76.989215,102.074497,82.948057,100.458914,Population aged 15-74,AMECO NPAN1
Italy,2019,64.604529,76.253387,101.653510,83.174441,100.205500,Population aged 15-74,AMECO NPAN1
Italy,2020,60.662864,75.245788,92.388452,87.368984,99.877058,Population aged 15-74,AMECO NPAN1
Italy,2021,62.697841,73.228896,99.936312,85.856883,99.786470,Population aged 15-74,AMECO NPAN1
Italy,2022,64.589135,74.398042,102.031891,85.091164,99.994833,Population aged 15-74,AMECO NPAN1
Italy,2023,63.877247,71.649021,103.356778,85.921772,100.390760,Population aged 15-74,AMECO NPAN1
Italy,2024,63.215803,69.217588,104.187952,87.340703,100.363318,Population aged 15-74,AMECO NPAN1
Italy,2025,62.594936,67.507788,104.149305,88.659048,100.416685,Population aged 15-74,AMECO NPAN1
Sweden,2000,80.974090,89.883367,99.638319,91.340160,98.987095,Population aged 15-74,AMECO NPAN1
Sweden,2001,81.842905,88.500032,98.311393,95.003236,99.013717,Population aged 15-74,AMECO NPAN1
Sweden,2002,82.782345,89.252058,96.887510,96.570993,99.129974,Population aged 15-74,AMECO NPAN1
Sweden,2003,82.519813,89.516853,95.969849,96.772363,99.258401,Population aged 15-74,AMECO NPAN1
Sweden,2004,83.198441,90.047166,97.108240,95.823901,99.292218,Population aged 15-74,AMECO NPAN1
Sweden,2005,83.105995,90.746022,96.643132,95.300480,99.434861,Population aged 15-74,AMECO NPAN1
Sweden,2006,84.913112,92.475289,96.347749,95.714545,99.570238,Population aged 15-74,AMECO NPAN1
Sweden,2007,86.156304,91.177563,97.232358,97.333106,99.845311,Population aged 15-74,AMECO NPAN1
Sweden,2008,85.388211,88.065478,97.585089,99.330764,100.028781,Population aged 15-74,AMECO NPAN1
Sweden,2009,83.965885,84.146114,98.340072,101.317378,100.150782,Population aged 15-74,AMECO NPAN1
Sweden,2010,86.435542,84.702185,99.320997,102.569468,100.170208,Population aged 15-74,AMECO NPAN1
Sweden,2011,87.832811,85.286424,98.844740,104.161821,100.026426,Population aged 15-74,AMECO NPAN1
Sweden,2012,85.564003,84.697553,98.001372,103.274590,99.814720,Population aged 15-74,AMECO NPAN1
Sweden,2013,84.884620,84.951088,97.446559,103.074136,99.481850,Population aged 15-74,AMECO NPAN1
Sweden,2014,84.695672,85.281126,97.331552,102.980683,99.082938,Population aged 15-74,AMECO NPAN1
Sweden,2015,85.854710,87.077772,97.507237,102.398917,98.747157,Population aged 15-74,AMECO NPAN1
Sweden,2016,85.895601,86.340201,98.713383,102.222616,98.590449,Population aged 15-74,AMECO NPAN1
Sweden,2017,84.968400,85.740272,97.986743,102.845357,98.337818,Population aged 15-74,AMECO NPAN1
Sweden,2018,83.502549,84.768748,98.158719,102.287007,98.110302,Population aged 15-74,AMECO NPAN1
Sweden,2019,83.070354,86.059320,97.240013,101.989884,97.329847,Population aged 15-74,AMECO NPAN1
Sweden,2020,82.969918,83.338433,96.591663,106.675232,96.621124,Population aged 15-74,AMECO NPAN1
Sweden,2021,81.916869,84.178088,97.056920,104.188130,96.234222,Population aged 15-74,AMECO NPAN1
Sweden,2022,80.491868,83.544975,96.977118,103.906513,95.613591,Population aged 15-74,Eurostat demo_pjan
Sweden,2023,78.140381,81.185942,97.017038,103.505563,95.847985,Population aged 15-74,Eurostat demo_pjan
Sweden,2024,77.246022,80.586389,97.655553,102.488669,95.772678,Population aged 15-74,Eurostat demo_pjan
Sweden,2025,76.925457,81.050870,96.258410,102.965044,95.759950,Population aged 15-74,Eurostat demo_pjan
Denmark,2000,92.806126,109.630023,85.649233,97.510607,101.361213,Population aged 15-74,AMECO NPAN1
Denmark,2001,93.361508,106.950513,86.663806,99.716659,101.013522,Population aged 15-74,AMECO NPAN1
Denmark,2002,92.747765,104.852644,86.529745,101.462746,100.751618,Population aged 15-74,AMECO NPAN1
Denmark,2003,91.226892,103.512790,86.404840,101.463637,100.526455,Population aged 15-74,AMECO NPAN1
Denmark,2004,90.872424,104.195421,86.323555,100.769641,100.259250,Population aged 15-74,AMECO NPAN1
Denmark,2005,90.462950,103.471861,86.360097,101.181427,100.054025,Population aged 15-74,AMECO NPAN1
Denmark,2006,91.936005,103.793204,86.566789,102.367246,99.954968,Population aged 15-74,AMECO NPAN1
Denmark,2007,91.492490,102.492911,86.031749,103.761881,99.998857,Population aged 15-74,AMECO NPAN1
Denmark,2008,91.317666,99.821590,86.273094,105.939589,100.091377,Population aged 15-74,AMECO NPAN1
Denmark,2009,89.394378,95.719472,86.707683,107.509293,100.185835,Population aged 15-74,AMECO NPAN1
Denmark,2010,88.764164,96.656373,86.365676,105.990152,100.322994,Population aged 15-74,AMECO NPAN1
Denmark,2011,88.890977,96.957109,86.738330,105.260484,100.415695,Population aged 15-74,AMECO NPAN1
Denmark,2012,87.258272,98.177769,85.824141,103.040128,100.502668,Population aged 15-74,AMECO NPAN1
Denmark,2013,87.177997,98.927460,85.896422,101.995533,100.585135,Population aged 15-74,AMECO NPAN1
Denmark,2014,86.534584,100.023709,85.015216,101.150372,100.605705,Population aged 15-74,AMECO NPAN1
Denmark,2015,86.106976,100.516355,84.538218,100.680514,100.647523,Population aged 15-74,AMECO NPAN1
Denmark,2016,87.262863,101.325225,84.786264,100.910901,100.658001,Population aged 15-74,AMECO NPAN1
Denmark,2017,88.009594,102.516148,84.169488,101.313378,100.673751,Population aged 15-74,AMECO NPAN1
Denmark,2018,87.144093,103.227469,82.853655,101.284218,100.597971,Population aged 15-74,AMECO NPAN1
Denmark,2019,86.510242,102.746205,82.309082,102.384637,99.912351,Population aged 15-74,AMECO NPAN1
Denmark,2020,86.934117,99.822859,81.251062,108.066357,99.183788,Population aged 15-74,AMECO NPAN1
Denmark,2021,87.024550,98.829649,83.009579,107.445481,98.727507,Population aged 15-74,AMECO NPAN1
Denmark,2022,84.977926,96.655289,82.855822,107.654945,98.565174,Population aged 15-74,AMECO NPAN1
Denmark,2023,83.148821,95.413195,82.539523,106.818257,98.841703,Population aged 15-74,AMECO NPAN1
Denmark,2024,84.042338,96.256707,82.762393,106.800435,98.778190,Population aged 15-74,AMECO NPAN1
Denmark,2025,84.740489,96.216740,82.591605,108.035265,98.704938,Population aged 15-74,AMECO NPAN1
Finland,2000,76.898646,90.736771,99.381819,83.104639,102.613183,Population aged 15-74,AMECO NPAN1
Finland,2001,78.751529,90.456652,99.444348,85.451097,102.452069,Population aged 15-74,AMECO NPAN1
Finland,2002,79.270199,88.748225,99.301049,87.924177,102.302942,Population aged 15-74,AMECO NPAN1
Finland,2003,79.206139,87.991612,99.163020,88.903205,102.105799,Population aged 15-74,AMECO NPAN1
Finland,2004,79.809447,88.639584,99.128057,89.243431,101.777960,Population aged 15-74,AMECO NPAN1
Finland,2005,79.730207,88.445950,98.505794,90.205585,101.449460,Population aged 15-74,AMECO NPAN1
Finland,2006,81.147241,89.772951,98.117185,91.019641,101.215742,Population aged 15-74,AMECO NPAN1
Finland,2007,84.222762,91.303861,98.331192,92.794186,101.094671,Population aged 15-74,AMECO NPAN1
Finland,2008,85.182050,89.188016,98.251501,96.213950,101.033255,Population aged 15-74,AMECO NPAN1
Finland,2009,80.717420,82.528988,98.599586,98.252890,100.957903,Population aged 15-74,AMECO NPAN1
Finland,2010,81.390835,83.307396,98.179323,98.659418,100.863343,Population aged 15-74,AMECO NPAN1
Finland,2011,82.332748,84.376525,97.183910,99.704695,100.702674,Population aged 15-74,AMECO NPAN1
Finland,2012,79.508620,82.875936,96.441783,98.962353,100.519548,Population aged 15-74,AMECO NPAN1
Finland,2013,77.530877,82.782803,95.984634,97.312049,100.268897,Population aged 15-74,AMECO NPAN1
Finland,2014,75.702575,82.744067,95.515823,95.799100,99.985503,Population aged 15-74,AMECO NPAN1
Finland,2015,74.388526,82.444883,95.343561,94.779645,99.847180,Population aged 15-74,AMECO NPAN1
Finland,2016,75.428163,83.908966,95.267236,94.582775,99.763010,Population aged 15-74,AMECO NPAN1
Finland,2017,76.560007,85.719901,94.744561,94.451178,99.806458,Population aged 15-74,AMECO NPAN1
Finland,2018,75.576743,83.557705,94.707926,95.523844,99.977795,Population aged 15-74,AMECO NPAN1
Finland,2019,74.984525,82.881487,94.091232,96.500226,99.640666,Population aged 15-74,AMECO NPAN1
Finland,2020,74.847260,79.470970,94.570300,100.508930,99.085015,Population aged 15-74,AMECO NPAN1
Finland,2021,72.399847,78.657701,93.105629,100.165454,98.696668,Population aged 15-74,AMECO NPAN1
Finland,2022,71.353121,78.111545,92.126307,100.552149,98.610400,Population aged 15-74,AMECO NPAN1
Finland,2023,68.731587,75.755639,91.681161,100.044801,98.916052,Population aged 15-74,AMECO NPAN1
Finland,2024,67.189267,75.179642,92.229490,98.284872,98.592339,Population aged 15-74,AMECO NPAN1
Finland,2025,66.006819,74.756933,91.511006,97.937089,98.518276,Population aged 15-74,AMECO NPAN1
Netherlands,2000,92.532391,108.815179,86.219176,96.134703,102.593595,Population aged 15-74,AMECO NPAN1
Netherlands,2001,93.976860,107.477137,86.571246,98.679178,102.354196,Population aged 15-74,AMECO NPAN1
Netherlands,2002,92.885086,105.313793,85.876104,100.498900,102.194398,Population aged 15-74,AMECO NPAN1
Netherlands,2003,90.858267,103.539545,85.606434,100.513494,101.982915,Population aged 15-74,AMECO NPAN1
Netherlands,2004,89.745987,102.604053,86.789331,99.130999,101.665757,Population aged 15-74,AMECO NPAN1
Netherlands,2005,89.105259,102.866826,85.962136,99.366490,101.410016,Population aged 15-74,AMECO NPAN1
Netherlands,2006,90.471885,103.575263,85.652724,100.710820,101.260551,Population aged 15-74,AMECO NPAN1
Netherlands,2007,92.817682,103.026740,86.346181,103.124845,101.175257,Population aged 15-74,AMECO NPAN1
Netherlands,2008,95.188184,102.358442,86.674381,106.103463,101.120467,Population aged 15-74,AMECO NPAN1
Netherlands,2009,94.498083,96.919319,87.501211,110.237279,101.081132,Population aged 15-74,AMECO NPAN1
Netherlands,2010,93.527286,96.402955,86.795525,110.623376,101.042421,Population aged 15-74,AMECO NPAN1
Netherlands,2011,94.034588,97.198573,86.439147,110.853809,100.964023,Population aged 15-74,AMECO NPAN1
Netherlands,2012,91.407666,96.729121,85.850725,109.060688,100.928350,Population aged 15-74,AMECO NPAN1
Netherlands,2013,90.140562,97.158645,86.105797,106.752926,100.931478,Population aged 15-74,AMECO NPAN1
Netherlands,2014,89.925635,97.693977,86.641269,105.250011,100.941271,Population aged 15-74,AMECO NPAN1
Netherlands,2015,89.716582,98.373486,86.557168,104.332460,100.988558,Population aged 15-74,AMECO NPAN1
Netherlands,2016,90.603435,98.152654,87.325410,104.479893,101.174081,Population aged 15-74,AMECO NPAN1
Netherlands,2017,91.172491,97.695295,87.274118,105.418074,101.435419,Population aged 15-74,AMECO NPAN1
Netherlands,2018,90.547693,96.047001,87.448370,106.057684,101.648206,Population aged 15-74,AMECO NPAN1
Netherlands,2019,90.178055,94.429922,88.018914,107.092342,101.311049,Population aged 15-74,AMECO NPAN1
Netherlands,2020,88.393791,90.569103,85.495291,113.148676,100.890441,Population aged 15-74,AMECO NPAN1
Netherlands,2021,88.214299,90.589773,86.763138,111.560071,100.604123,Population aged 15-74,AMECO NPAN1
Netherlands,2022,89.990353,92.586189,87.377368,110.721161,100.466242,Population aged 15-74,AMECO NPAN1
Netherlands,2023,86.750955,89.336425,87.413159,110.386095,100.636265,Population aged 15-74,AMECO NPAN1
Netherlands,2024,85.501518,87.278741,88.073657,110.709872,100.469207,Population aged 15-74,AMECO NPAN1
Netherlands,2025,85.254884,87.682158,87.046678,111.204681,100.446028,Population aged 15-74,AMECO NPAN1
Belgium,2000,82.661182,115.960300,91.436756,76.224265,102.277058,Population aged 15-74,AMECO NPAN1
Belgium,2001,83.284735,113.643862,91.825220,78.274936,101.961151,Population aged 15-74,AMECO NPAN1
Belgium,2002,83.677216,111.274844,92.733788,79.695055,101.751508,Population aged 15-74,AMECO NPAN1
Belgium,2003,82.662476,108.925001,93.143401,80.244264,101.534760,Population aged 15-74,AMECO NPAN1
Belgium,2004,82.827045,109.568220,92.350583,80.888237,101.195813,Population aged 15-74,AMECO NPAN1
Belgium,2005,82.206487,108.948261,91.711311,81.617247,100.804738,Population aged 15-74,AMECO NPAN1
Belgium,2006,82.260177,108.525638,92.348376,81.701495,100.461123,Population aged 15-74,AMECO NPAN1
Belgium,2007,83.791931,108.862123,92.794119,82.779103,100.203810,Population aged 15-74,AMECO NPAN1
Belgium,2008,84.189043,106.930080,92.295804,85.334966,99.964708,Population aged 15-74,AMECO NPAN1
Belgium,2009,84.853984,102.912619,92.721856,89.185485,99.707382,Population aged 15-74,AMECO NPAN1
Belgium,2010,84.794667,101.398809,92.791331,90.367686,99.727544,Population aged 15-74,AMECO NPAN1
Belgium,2011,84.678647,100.951707,93.264991,90.567821,99.304214,Population aged 15-74,AMECO NPAN1
Belgium,2012,83.098278,100.666504,93.120403,89.418939,99.136294,Population aged 15-74,AMECO NPAN1
Belgium,2013,82.074079,100.858460,93.061566,88.361044,98.960637,Population aged 15-74,AMECO NPAN1
Belgium,2014,81.934422,102.117924,92.686416,87.639976,98.774782,Population aged 15-74,AMECO NPAN1
Belgium,2015,81.116579,102.510220,92.262708,86.887543,98.709454,Population aged 15-74,AMECO NPAN1
Belgium,2016,80.953324,102.201171,92.262677,86.847205,98.854608,Population aged 15-74,AMECO NPAN1
Belgium,2017,80.591313,101.114536,92.260979,87.189721,99.081208,Population aged 15-74,AMECO NPAN1
Belgium,2018,79.846826,100.025853,92.484924,86.969449,99.244793,Population aged 15-74,AMECO NPAN1
Belgium,2019,79.722159,99.525544,92.500905,87.567287,98.890964,Population aged 15-74,AMECO NPAN1
Belgium,2020,77.490460,98.614953,85.897970,92.816586,98.559155,Population aged 15-74,AMECO NPAN1
Belgium,2021,77.400910,95.468333,90.051375,91.404676,98.498125,Population aged 15-74,AMECO NPAN1
Belgium,2022,78.335020,96.029653,92.262288,89.619842,98.655704,Population aged 15-74,AMECO NPAN1
Belgium,2023,77.262597,95.198339,92.667269,88.418146,99.054032,Population aged 15-74,AMECO NPAN1
Belgium,2024,76.211527,94.507945,92.583123,87.913492,99.075207,Population aged 15-74,AMECO NPAN1
Belgium,2025,75.438549,93.083307,92.717444,88.325000,98.963814,Population aged 15-74,AMECO NPAN1
Spain,2000,66.863745,82.635702,102.687130,73.976485,106.515613,Population aged 15-74,AMECO NPAN1
Spain,2001,69.125254,80.816707,104.175229,77.116292,106.469443,Population aged 15-74,AMECO NPAN1
Spain,2002,69.363478,78.745402,104.348520,79.617694,106.025362,Population aged 15-74,AMECO NPAN1
Spain,2003,68.820551,76.661782,103.838777,81.837660,105.639531,Population aged 15-74,AMECO NPAN1
Spain,2004,67.884722,74.942508,102.745245,83.700080,105.331001,Population aged 15-74,AMECO NPAN1
Spain,2005,67.300310,73.628690,101.658355,85.922922,104.644853,Population aged 15-74,AMECO NPAN1
Spain,2006,67.693916,73.367280,100.845489,87.774347,104.237296,Population aged 15-74,AMECO NPAN1
Spain,2007,68.023796,72.981049,100.459986,89.491304,103.675661,Population aged 15-74,AMECO NPAN1
Spain,2008,67.985128,72.194569,101.144546,90.275077,103.133334,Population aged 15-74,AMECO NPAN1
Spain,2009,67.202787,71.559293,103.156449,88.719199,102.614148,Population aged 15-74,AMECO NPAN1
Spain,2010,65.769467,71.430468,101.823382,88.539571,102.130603,Population aged 15-74,AMECO NPAN1
Spain,2011,64.620136,72.443697,101.591244,86.424943,101.594893,Population aged 15-74,AMECO NPAN1
Spain,2012,61.829328,73.637489,100.935920,82.182378,101.221112,Population aged 15-74,AMECO NPAN1
Spain,2013,60.513671,74.402136,100.147439,80.418924,100.988052,Population aged 15-74,AMECO NPAN1
Spain,2014,60.726666,74.478119,99.984796,80.803317,100.922404,Population aged 15-74,AMECO NPAN1
Spain,2015,62.076193,74.788524,100.000278,82.287409,100.868490,Population aged 15-74,AMECO NPAN1
Spain,2016,63.266655,74.873550,100.348960,83.474028,100.874688,Population aged 15-74,AMECO NPAN1
Spain,2017,63.998044,74.741382,99.733316,84.849986,101.184397,Population aged 15-74,AMECO NPAN1
Spain,2018,63.738829,73.732792,100.061345,85.156793,101.451335,Population aged 15-74,AMECO NPAN1
Spain,2019,63.179527,72.909475,99.161261,86.384481,101.161353,Population aged 15-74,AMECO NPAN1
Spain,2020,57.381127,69.697923,93.248027,87.490110,100.913815,Population aged 15-74,AMECO NPAN1
Spain,2021,57.781018,68.294326,95.975667,87.084959,101.226978,Population aged 15-74,AMECO NPAN1
Spain,2022,59.727579,69.880963,97.089688,86.736048,101.494684,Population aged 15-74,AMECO NPAN1
Spain,2023,59.237270,68.622313,96.889042,87.208043,102.164139,Population aged 15-74,AMECO NPAN1
Spain,2024,59.530192,68.015556,97.172632,87.946084,102.416176,Population aged 15-74,AMECO NPAN1
Spain,2025,59.717959,67.213277,96.489905,89.472874,102.914512,Population aged 15-74,AMECO NPAN1
Austria,2000,88.996648,94.407976,104.851198,87.024642,103.311655,Population aged 15-74,AMECO NPAN1
Austria,2001,89.826669,93.566052,105.138413,88.458634,103.225108,Population aged 15-74,AMECO NPAN1
Austria,2002,90.011407,92.567962,105.200603,89.560931,103.204830,Population aged 15-74,AMECO NPAN1
Austria,2003,88.985689,90.728247,104.918437,90.587851,103.194341,Population aged 15-74,AMECO NPAN1
Austria,2004,88.124213,89.985724,105.056976,90.473894,103.032314,Population aged 15-74,AMECO NPAN1
Austria,2005,87.348658,90.363468,103.693551,90.610755,102.880212,Population aged 15-74,AMECO NPAN1
Austria,2006,88.142168,91.767097,102.556832,91.097078,102.808184,Population aged 15-74,AMECO NPAN1
Austria,2007,90.233512,92.664058,102.390402,92.460103,102.859148,Population aged 15-74,AMECO NPAN1
Austria,2008,92.003504,91.548806,102.210763,95.503000,102.952770,Population aged 15-74,AMECO NPAN1
Austria,2009,91.659003,88.344643,101.104839,99.536380,103.095836,Population aged 15-74,AMECO NPAN1
Austria,2010,91.409829,87.352940,100.067460,101.297062,103.234686,Population aged 15-74,AMECO NPAN1
Austria,2011,93.078225,88.128870,100.159326,102.044360,103.335488,Population aged 15-74,AMECO NPAN1
Austria,2012,91.873454,88.716911,98.962773,101.161550,103.441857,Population aged 15-74,AMECO NPAN1
Austria,2013,90.119537,88.549498,98.429988,99.939600,103.458889,Population aged 15-74,AMECO NPAN1
Austria,2014,88.771658,88.473154,98.137351,99.077870,103.193378,Population aged 15-74,AMECO NPAN1
Austria,2015,87.372689,89.757657,97.063487,97.545390,102.811467,Population aged 15-74,AMECO NPAN1
Austria,2016,87.322987,89.518787,97.828614,97.571496,102.194030,Population aged 15-74,AMECO NPAN1
Austria,2017,87.401591,89.824930,97.157377,98.128660,102.058881,Population aged 15-74,AMECO NPAN1
Austria,2018,87.085134,89.056693,97.586239,98.245049,101.994842,Population aged 15-74,AMECO NPAN1
Austria,2019,86.442667,87.957491,98.266291,98.577535,101.454848,Population aged 15-74,AMECO NPAN1
Austria,2020,82.668801,86.347992,91.774361,103.260775,101.025880,Population aged 15-74,AMECO NPAN1
Austria,2021,81.558070,85.018756,93.194064,101.838194,101.077212,Population aged 15-74,AMECO NPAN1
Austria,2022,83.313193,88.242904,93.443746,99.995204,101.042615,Population aged 15-74,AMECO NPAN1
Austria,2023,80.268796,85.612688,93.805927,98.527250,101.442974,Population aged 15-74,AMECO NPAN1
Austria,2024,77.862801,83.182656,94.319177,97.963181,101.305812,Population aged 15-74,AMECO NPAN1
Austria,2025,76.909636,81.669038,94.803412,98.338571,101.012577,Population aged 15-74,AMECO NPAN1
