country,year,gdp_per_capita_2015_pps_per_person,gdp_per_hour_2015_pps_per_hour,hours_per_worker_annual,workers_per_population_15_74,population_15_74_share_total_population,working_age_source
United States,2000,35162.425292,39.344478,1711.521769,0.711034222,0.734382145,AMECO NPAN1
United States,2001,35161.496201,40.238398,1695.438931,0.700807730,0.735437269,AMECO NPAN1
United States,2002,35434.780970,41.376884,1691.336941,0.687659615,0.736322915,AMECO NPAN1
United States,2003,36090.839998,42.625824,1688.070248,0.679949260,0.737661613,AMECO NPAN1
United States,2004,37144.357977,43.744819,1690.745519,0.678859170,0.739789724,AMECO NPAN1
United States,2005,38083.524913,44.663735,1691.486438,0.679436423,0.741933113,AMECO NPAN1
United States,2006,38773.259448,45.070362,1694.112375,0.682858255,0.743649834,AMECO NPAN1
United States,2007,39175.488163,45.761642,1687.906414,0.680871142,0.744902664,AMECO NPAN1
United States,2008,38856.680218,46.302319,1685.390961,0.667479852,0.745974752,AMECO NPAN1
United States,2009,37514.226843,47.809122,1658.019436,0.633601682,0.746928945,AMECO NPAN1
United States,2010,38207.232674,49.053337,1671.325184,0.623411056,0.747552284,AMECO NPAN1
United States,2011,38494.272372,49.097487,1680.434022,0.623519333,0.748282281,AMECO NPAN1
United States,2012,39068.212039,49.291018,1680.784832,0.629699306,0.748876864,AMECO NPAN1
United States,2013,39489.923954,49.492966,1680.995535,0.633348397,0.749434322,AMECO NPAN1
United States,2014,40077.143807,49.677876,1683.919381,0.638894151,0.749865776,AMECO NPAN1
United States,2015,40840.779372,49.982887,1685.625905,0.646192678,0.750152313,AMECO NPAN1
United States,2016,41202.518119,50.102298,1685.927030,0.650657421,0.749678324,AMECO NPAN1
United States,2017,41836.131699,50.561867,1688.436062,0.654685308,0.748533439,AMECO NPAN1
United States,2018,42823.818153,51.216983,1687.794306,0.662757546,0.747475900,AMECO NPAN1
United States,2019,43701.829021,51.914898,1687.603115,0.665022875,0.750068112,AMECO NPAN1
United States,2020,42621.107151,54.331613,1670.716445,0.623422508,0.753159402,AMECO NPAN1
United States,2021,45152.953858,55.165025,1694.715146,0.640721199,0.753800709,AMECO NPAN1
United States,2022,46036.983031,54.582242,1696.719733,0.660899883,0.752159067,AMECO NPAN1
United States,2023,47003.106377,55.468316,1690.795549,0.668853136,0.749306876,AMECO NPAN1
United States,2024,47888.656093,56.632258,1683.527182,0.670100846,0.749563575,AMECO NPAN1
United States,2025,48632.948301,57.733534,1684.513432,0.667433778,0.749237998,AMECO NPAN1
Germany,2000,29508.842299,41.056477,1469.718225,0.627176816,0.779733896,AMECO NPAN1
Germany,2001,29969.573638,42.050595,1463.189155,0.623882004,0.780738312,AMECO NPAN1
Germany,2002,29878.807757,42.419008,1453.944685,0.619266019,0.782307730,AMECO NPAN1
Germany,2003,29731.078459,42.810243,1447.973047,0.611699192,0.784087592,AMECO NPAN1
Germany,2004,30110.918463,43.183761,1447.503953,0.613115631,0.785672216,AMECO NPAN1
Germany,2005,30421.990050,43.947026,1436.349765,0.612192909,0.787244477,AMECO NPAN1
Germany,2006,31662.152268,44.676254,1455.654628,0.617222250,0.788794304,AMECO NPAN1
Germany,2007,32649.711528,45.154361,1456.423556,0.628450617,0.789988542,AMECO NPAN1
Germany,2008,33032.598911,45.135836,1448.240049,0.638895404,0.790953469,AMECO NPAN1
Germany,2009,31310.024577,43.793464,1407.699249,0.642202737,0.790846291,AMECO NPAN1
Germany,2010,32685.397677,44.794463,1425.715493,0.655054766,0.781302040,AMECO NPAN1
Germany,2011,33917.506961,45.892797,1427.251747,0.671304050,0.771364323,AMECO NPAN1
Germany,2012,34028.090349,46.249569,1406.564196,0.679394411,0.769924886,AMECO NPAN1
Germany,2013,34107.172959,46.429099,1396.293919,0.685707363,0.767255139,AMECO NPAN1
Germany,2014,34746.770354,46.878416,1400.727091,0.692731498,0.763876334,AMECO NPAN1
Germany,2015,35069.271438,47.183692,1403.184211,0.696923230,0.760037801,AMECO NPAN1
Germany,2016,35620.448734,47.822617,1398.166737,0.704650392,0.756020179,AMECO NPAN1
Germany,2017,36540.751140,48.756337,1391.353428,0.715425682,0.752912333,AMECO NPAN1
Germany,2018,36902.214598,48.927877,1384.457618,0.725314289,0.751086858,AMECO NPAN1
Germany,2019,37242.168330,49.265468,1376.146129,0.733052543,0.749363770,AMECO NPAN1
Germany,2020,35736.828685,49.688999,1316.905529,0.729069052,0.749087378,AMECO NPAN1
Germany,2021,37193.466334,50.482888,1345.167753,0.730371852,0.749897640,AMECO NPAN1
Germany,2022,37621.379442,50.652635,1348.105423,0.734279271,0.750321778,AMECO NPAN1
Germany,2023,36954.789213,50.049649,1343.235470,0.732191089,0.750746131,AMECO NPAN1
Germany,2024,36670.281907,49.908650,1338.947216,0.730928399,0.750758289,AMECO NPAN1
Germany,2025,36755.055326,50.113819,1336.660185,0.731559127,0.750048142,AMECO NPAN1
France,2000,26726.615815,40.980041,1524.989453,0.579996106,0.737360155,AMECO NPAN1
France,2001,27039.316098,41.681069,1506.080481,0.585012150,0.736281332,AMECO NPAN1
France,2002,27132.904288,42.858725,1472.791800,0.584400915,0.735537453,AMECO NPAN1
France,2003,27206.106603,43.153220,1476.061840,0.581042391,0.735090519,AMECO NPAN1
France,2004,27785.842264,43.633379,1499.370465,0.578141755,0.734617766,AMECO NPAN1
France,2005,28102.416816,44.114187,1500.466295,0.578546971,0.733838543,AMECO NPAN1
France,2006,28669.343008,45.274936,1485.066627,0.581959743,0.732691264,AMECO NPAN1
France,2007,29219.207285,45.097920,1506.332142,0.588128080,0.731339882,AMECO NPAN1
France,2008,29172.022707,44.845116,1512.422604,0.589302074,0.729861169,AMECO NPAN1
France,2009,28207.273541,44.418487,1499.917934,0.581367895,0.728247172,AMECO NPAN1
France,2010,28635.091674,45.026224,1507.337506,0.580392880,0.726943180,AMECO NPAN1
France,2011,29194.668620,45.601371,1512.754903,0.583012183,0.725904435,AMECO NPAN1
France,2012,29110.961647,45.695358,1506.563624,0.583173941,0.725101634,AMECO NPAN1
France,2013,29194.713471,46.423827,1491.117067,0.581174881,0.725679237,AMECO NPAN1
France,2014,29335.518257,46.903140,1482.152297,0.581149375,0.726124748,AMECO NPAN1
France,2015,29517.458346,47.279840,1481.826408,0.580333071,0.725986112,AMECO NPAN1
France,2016,29659.948735,47.248004,1484.420157,0.582261448,0.726293316,AMECO NPAN1
France,2017,30156.980895,48.160610,1468.789793,0.586841865,0.726465749,AMECO NPAN1
France,2018,30514.076563,48.221703,1476.049095,0.589983345,0.726636374,AMECO NPAN1
France,2019,31012.167467,48.473196,1480.466747,0.594430906,0.726993338,AMECO NPAN1
France,2020,28606.612646,48.557565,1367.882545,0.591589349,0.728015083,AMECO NPAN1
France,2021,30435.003331,47.897427,1443.855246,0.603970152,0.728655147,AMECO NPAN1
France,2022,31143.581499,47.160133,1472.194306,0.615874524,0.728343358,AMECO NPAN1
France,2023,31510.944492,47.158320,1476.403018,0.621164831,0.728603595,AMECO NPAN1
France,2024,31802.347536,47.169893,1481.499760,0.624245618,0.729016236,AMECO NPAN1
France,2025,32005.777808,47.861892,1471.509370,0.623359077,0.729016235,AMECO NPAN1
Italy,2000,28609.960056,39.080521,1848.759545,0.509447120,0.777279763,AMECO NPAN1
Italy,2001,29164.690578,39.323704,1847.141317,0.517998362,0.775129818,AMECO NPAN1
Italy,2002,29187.068839,39.097901,1812.354653,0.532937009,0.772890499,AMECO NPAN1
Italy,2003,29049.061625,38.856436,1778.241179,0.545112766,0.771244582,AMECO NPAN1
Italy,2004,29258.573348,39.227666,1780.610105,0.544092635,0.769872830,AMECO NPAN1
Italy,2005,29310.075972,39.407861,1782.596484,0.543544805,0.767618947,AMECO NPAN1
Italy,2006,29718.359047,39.309133,1790.350489,0.551871519,0.765165386,AMECO NPAN1
Italy,2007,29970.079659,39.273196,1797.953730,0.555964581,0.763424371,AMECO NPAN1
Italy,2008,29435.499737,39.021458,1788.091684,0.553624080,0.762014382,AMECO NPAN1
Italy,2009,27712.757600,38.289067,1756.989215,0.541854610,0.760244159,AMECO NPAN1
Italy,2010,28012.387570,39.084174,1758.756191,0.537329006,0.758408627,AMECO NPAN1
Italy,2011,28109.744036,39.355164,1755.940656,0.537399453,0.756916744,AMECO NPAN1
Italy,2012,27156.870812,39.084027,1723.785568,0.533421968,0.755659731,AMECO NPAN1
Italy,2013,26609.924453,39.391008,1706.541096,0.524918092,0.754116173,AMECO NPAN1
Italy,2014,26605.540883,39.432544,1708.641806,0.524938565,0.752242365,AMECO NPAN1
Italy,2015,26881.776046,39.464861,1711.591817,0.530083383,0.750763229,AMECO NPAN1
Italy,2016,27265.883001,39.294788,1714.514172,0.539490339,0.750170290,AMECO NPAN1
Italy,2017,27755.272042,39.494574,1718.323536,0.545066736,0.750331954,AMECO NPAN1
Italy,2018,28043.177870,39.431553,1722.807551,0.549744508,0.750906171,AMECO NPAN1
Italy,2019,28233.360798,39.586868,1715.507805,0.553129055,0.751609500,AMECO NPAN1
Italy,2020,25855.184127,40.882250,1543.549061,0.544677909,0.752233453,AMECO NPAN1
Italy,2021,28309.927368,40.396739,1693.635823,0.550103252,0.752191121,AMECO NPAN1
Italy,2022,29734.889079,40.608120,1731.195225,0.562367406,0.752120203,AMECO NPAN1
Italy,2023,30024.290268,39.742505,1747.551794,0.574690469,0.752234870,AMECO NPAN1
Italy,2024,30273.198434,39.199483,1754.032487,0.585270789,0.752286875,AMECO NPAN1
Italy,2025,30441.762650,38.974632,1754.409032,0.591740432,0.752359959,AMECO NPAN1
Sweden,2000,28472.453777,35.364141,1705.331519,0.649459799,0.726943554,AMECO NPAN1
Sweden,2001,28777.190049,35.610995,1666.809635,0.665790019,0.728183775,AMECO NPAN1
Sweden,2002,29333.742455,36.929721,1638.694245,0.664079718,0.729916711,AMECO NPAN1
Sweden,2003,29782.093747,38.157296,1620.038464,0.658002969,0.732191119,AMECO NPAN1
Sweden,2004,30903.526685,39.390970,1641.853214,0.650509339,0.734553622,AMECO NPAN1
Sweden,2005,31649.692243,40.530563,1634.705473,0.647506170,0.737740161,AMECO NPAN1
Sweden,2006,32923.581131,41.678948,1632.239132,0.653594674,0.740453912,AMECO NPAN1
Sweden,2007,33752.152533,41.724350,1641.191216,0.662713028,0.743750383,AMECO NPAN1
Sweden,2008,33179.024220,40.776359,1644.690275,0.663012839,0.746189453,AMECO NPAN1
Sweden,2009,31499.152576,40.229518,1630.497502,0.641948609,0.748055182,AMECO NPAN1
Sweden,2010,33024.628780,41.549248,1659.976837,0.639429405,0.748824677,AMECO NPAN1
Sweden,2011,33810.601382,41.873491,1661.020639,0.649469093,0.748480019,AMECO NPAN1
Sweden,2012,33428.325999,41.748286,1647.192201,0.650319375,0.747489348,AMECO NPAN1
Sweden,2013,33520.871946,42.044814,1638.072305,0.652818386,0.745551128,AMECO NPAN1
Sweden,2014,33943.606422,42.365852,1638.984874,0.657937563,0.742989039,AMECO NPAN1
Sweden,2015,35063.732730,43.523985,1643.607254,0.661694304,0.740754083,AMECO NPAN1
Sweden,2016,35391.150493,43.258425,1664.235598,0.665119034,0.739111225,AMECO NPAN1
Sweden,2017,35547.491538,43.351882,1654.443508,0.673313444,0.736091452,AMECO NPAN1
Sweden,2018,35758.979805,43.415995,1656.717274,0.677914859,0.733350860,AMECO NPAN1
Sweden,2019,36303.263980,44.677608,1641.025490,0.678256061,0.730040149,AMECO NPAN1
Sweden,2020,35362.697565,45.279115,1613.772802,0.665037410,0.727711080,AMECO NPAN1
Sweden,2021,36987.885994,46.436863,1644.838320,0.667555435,0.725414250,AMECO NPAN1
Sweden,2022,37056.027393,45.600721,1645.429890,0.686718023,0.719166291,Eurostat demo_pjan
Sweden,2023,36728.406323,45.032474,1640.359765,0.692300205,0.718195541,Eurostat demo_pjan
Sweden,2024,36992.081876,45.637892,1644.057772,0.686777441,0.717877108,Eurostat demo_pjan
Sweden,2025,37411.117629,46.793532,1621.485845,0.687223480,0.717469934,Eurostat demo_pjan
Denmark,2000,32632.884641,43.133360,1465.905263,0.693333783,0.744378654,AMECO NPAN1
Denmark,2001,32827.303170,43.035173,1469.331904,0.698822051,0.742891089,AMECO NPAN1
Denmark,2002,32864.967486,43.384757,1463.509549,0.697718330,0.741857251,AMECO NPAN1
Denmark,2003,32924.551449,44.123180,1458.574390,0.689901245,0.741545073,AMECO NPAN1
Denmark,2004,33753.978611,45.580099,1459.511645,0.684083947,0.741707631,AMECO NPAN1
Denmark,2005,34451.480130,46.214398,1460.769336,0.687463470,0.742333941,AMECO NPAN1
Denmark,2006,35646.585904,46.779973,1466.538679,0.699023192,0.743314952,AMECO NPAN1
Denmark,2007,35842.629655,46.902439,1452.135406,0.706484700,0.744894147,AMECO NPAN1
Denmark,2008,35483.013538,46.219711,1454.038934,0.707125409,0.746656399,AMECO NPAN1
Denmark,2009,33535.609568,45.762640,1437.630241,0.681180686,0.748317003,AMECO NPAN1
Denmark,2010,33914.330763,47.413176,1443.451298,0.660754324,0.749966831,AMECO NPAN1
Denmark,2011,34217.934747,47.603504,1457.580414,0.656319467,0.751392856,AMECO NPAN1
Denmark,2012,34090.246720,48.392822,1442.519150,0.648842970,0.752641228,AMECO NPAN1
Denmark,2013,34426.524774,48.962134,1443.915019,0.645987070,0.753819527,AMECO NPAN1
Denmark,2014,34680.589714,49.689655,1431.587691,0.646243811,0.754407754,AMECO NPAN1
Denmark,2015,35166.760057,50.240976,1424.998105,0.650590110,0.755009723,AMECO NPAN1
Denmark,2016,35954.497081,50.766266,1429.434537,0.656584267,0.754611215,AMECO NPAN1
Denmark,2017,36819.809479,51.834078,1421.147991,0.663283803,0.753576694,AMECO NPAN1
Denmark,2018,37318.427848,52.869995,1398.399275,0.671268800,0.751945591,AMECO NPAN1
Denmark,2019,37806.557859,53.340588,1389.050634,0.680881256,0.749410687,AMECO NPAN1
Denmark,2020,37052.283347,54.235369,1357.474854,0.673709992,0.747012025,AMECO NPAN1
Denmark,2021,39294.154900,54.519401,1406.775903,0.688425972,0.744208649,AMECO NPAN1
Denmark,2022,39121.273487,52.756624,1405.831079,0.711491408,0.741366892,AMECO NPAN1
Denmark,2023,39082.529004,52.924092,1395.574580,0.714457263,0.740627674,AMECO NPAN1
Denmark,2024,40246.746260,54.512347,1393.327376,0.715670620,0.740405333,AMECO NPAN1
Denmark,2025,41211.798245,55.549324,1391.266682,0.721063849,0.739534903,AMECO NPAN1
Finland,2000,27039.428792,35.699909,1700.941473,0.590902425,0.753572891,AMECO NPAN1
Finland,2001,27690.215737,36.398307,1686.018198,0.598847891,0.753470702,AMECO NPAN1
Finland,2002,28089.221312,36.721250,1679.515326,0.604619059,0.753280006,AMECO NPAN1
Finland,2003,28586.160815,37.507150,1673.941437,0.604496681,0.753195281,AMECO NPAN1
Finland,2004,29644.706662,38.775226,1676.003187,0.605837213,0.752942887,AMECO NPAN1
Finland,2005,30364.073274,39.503265,1666.212140,0.612889599,0.752687139,AMECO NPAN1
Finland,2006,31463.430315,40.460994,1662.215367,0.621535131,0.752690694,AMECO NPAN1
Finland,2007,32994.678162,41.782146,1659.738505,0.631808837,0.753056895,AMECO NPAN1
Finland,2008,33098.916691,41.296119,1655.921922,0.642208731,0.753682576,AMECO NPAN1
Finland,2009,30280.515900,39.456385,1634.800303,0.622531966,0.754083800,AMECO NPAN1
Finland,2010,31097.185648,40.865057,1640.895750,0.615053720,0.754006227,AMECO NPAN1
Finland,2011,31693.392194,41.426753,1633.111481,0.621678048,0.753540263,AMECO NPAN1
Finland,2012,31062.596130,40.850392,1620.978856,0.623165249,0.752767639,AMECO NPAN1
Finland,2013,30616.884553,40.971665,1613.497420,0.616324300,0.751449531,AMECO NPAN1
Finland,2014,30339.430017,41.105495,1608.409463,0.612054846,0.749757071,AMECO NPAN1
Finland,2015,30380.853777,41.208333,1607.135754,0.612459125,0.749005930,AMECO NPAN1
Finland,2016,31078.302602,42.040320,1606.136085,0.615409845,0.747901661,AMECO NPAN1
Finland,2017,32029.745505,43.341582,1599.701328,0.618357986,0.747084710,AMECO NPAN1
Finland,2018,32364.847131,42.795735,1598.474979,0.633091487,0.747309923,AMECO NPAN1
Finland,2019,32769.608742,43.027840,1587.886569,0.641748576,0.747372863,AMECO NPAN1
Finland,2020,31900.730843,43.177860,1580.001547,0.626595290,0.746268103,AMECO NPAN1
Finland,2021,32690.669320,43.391541,1577.875203,0.641781299,0.743976180,AMECO NPAN1
Finland,2022,32848.824116,42.635033,1563.125228,0.664549038,0.741707067,AMECO NPAN1
Finland,2023,32305.980753,42.020377,1550.140988,0.669152787,0.741184781,AMECO NPAN1
Finland,2024,32176.037066,42.575929,1552.708531,0.658607761,0.739012258,AMECO NPAN1
Finland,2025,32101.061922,43.159819,1541.515185,0.653665216,0.738136362,AMECO NPAN1
Netherlands,2000,32536.633007,42.812763,1475.659961,0.683550640,0.753429047,AMECO NPAN1
Netherlands,2001,33043.670228,43.247078,1467.762600,0.691551309,0.752750904,AMECO NPAN1
Netherlands,2002,32913.626910,43.575566,1452.454275,0.691090349,0.752480773,AMECO NPAN1
Netherlands,2003,32791.511670,44.134584,1445.096739,0.683440760,0.752288814,AMECO NPAN1
Netherlands,2004,33335.570757,44.883958,1467.386725,0.672959874,0.752112824,AMECO NPAN1
Netherlands,2005,33934.423434,45.944167,1454.037877,0.675132123,0.752394485,AMECO NPAN1
Netherlands,2006,35078.898878,46.681746,1451.053396,0.687712148,0.753023920,AMECO NPAN1
Netherlands,2007,36361.780168,47.146728,1457.442727,0.702147312,0.753657185,AMECO NPAN1
Netherlands,2008,36986.968104,47.394332,1460.802185,0.708219236,0.754333151,AMECO NPAN1
Netherlands,2009,35450.225347,46.336276,1450.787083,0.698465251,0.755004235,AMECO NPAN1
Netherlands,2010,35734.187896,47.288866,1450.635471,0.689638357,0.755344929,AMECO NPAN1
Netherlands,2011,36197.930578,47.722057,1452.552828,0.691194928,0.755495896,AMECO NPAN1
Netherlands,2012,35711.340609,47.678768,1442.965965,0.686754397,0.755829066,AMECO NPAN1
Netherlands,2013,35596.439487,48.086695,1447.434606,0.676117947,0.756415139,AMECO NPAN1
Netherlands,2014,36039.626103,48.532293,1458.969129,0.672436165,0.756924044,AMECO NPAN1
Netherlands,2015,36640.951431,49.169909,1459.030051,0.674188718,0.757568005,AMECO NPAN1
Netherlands,2016,37330.896863,49.176735,1472.242683,0.679806180,0.758480153,AMECO NPAN1
Netherlands,2017,38143.043434,49.396565,1473.567673,0.690156646,0.759278034,AMECO NPAN1
Netherlands,2018,38775.979231,49.192376,1475.948604,0.702905306,0.759795845,AMECO NPAN1
Netherlands,2019,39409.459329,49.023198,1485.409929,0.712188568,0.759901874,AMECO NPAN1
Netherlands,2020,37674.412526,49.207655,1428.383891,0.705394316,0.759865841,AMECO NPAN1
Netherlands,2021,39831.361624,49.973871,1470.388047,0.714789026,0.758354588,AMECO NPAN1
Netherlands,2022,41428.843593,50.535618,1482.549040,0.731756021,0.755665951,AMECO NPAN1
Netherlands,2023,40775.643511,49.553411,1477.977796,0.738320855,0.754074453,AMECO NPAN1
Netherlands,2024,40945.528099,49.427921,1482.743957,0.741867792,0.753080582,AMECO NPAN1
Netherlands,2025,41461.963447,50.622008,1466.312976,0.742217606,0.752579809,AMECO NPAN1
Belgium,2000,29065.676512,45.623974,1564.959982,0.541980607,0.751104456,AMECO NPAN1
Belgium,2001,29284.158909,45.728469,1556.840522,0.548556799,0.749860304,AMECO NPAN1
Belgium,2002,29650.838334,46.042063,1568.440815,0.548030708,0.749219669,AMECO NPAN1
Belgium,2003,29833.581962,46.430179,1572.326038,0.545620279,0.748982951,AMECO NPAN1
Belgium,2004,30765.573949,47.930420,1561.413352,0.549117215,0.748636228,AMECO NPAN1
Belgium,2005,31307.128120,48.660363,1551.284383,0.554537307,0.747903728,AMECO NPAN1
Belgium,2006,31894.951775,48.912898,1564.485261,0.557905400,0.747078972,AMECO NPAN1
Belgium,2007,32825.898086,49.817095,1566.277885,0.563619024,0.746420848,AMECO NPAN1
Belgium,2008,32713.067260,49.511107,1555.545141,0.569593705,0.745711485,AMECO NPAN1
Belgium,2009,31832.316178,49.201620,1537.346399,0.565080732,0.744743296,AMECO NPAN1
Belgium,2010,32397.695875,49.739499,1550.844890,0.563362145,0.745515529,AMECO NPAN1
Belgium,2011,32596.429196,49.564751,1567.256633,0.564707873,0.743075836,AMECO NPAN1
Belgium,2012,32465.011601,49.619545,1565.153608,0.563070438,0.742408773,AMECO NPAN1
Belgium,2013,32410.991188,49.917844,1564.360775,0.559633257,0.741644981,AMECO NPAN1
Belgium,2014,32836.976108,50.730016,1560.764515,0.559926681,0.740678288,AMECO NPAN1
Belgium,2015,33128.643189,51.237568,1555.204109,0.561460939,0.740471253,AMECO NPAN1
Belgium,2016,33354.807808,51.205135,1555.481403,0.565077781,0.741091569,AMECO NPAN1
Belgium,2017,33716.287879,51.125397,1557.767635,0.570818297,0.741655971,AMECO NPAN1
Belgium,2018,34193.459523,51.230224,1560.955281,0.576396583,0.741830911,AMECO NPAN1
Belgium,2019,34840.041469,51.668585,1561.048159,0.582342491,0.741749587,AMECO NPAN1
Belgium,2020,33027.291888,53.579095,1435.111517,0.578639491,0.742307539,AMECO NPAN1
Belgium,2021,34948.797154,52.665130,1526.114289,0.585649138,0.742479566,AMECO NPAN1
Belgium,2022,36063.079831,52.415138,1565.432445,0.592297434,0.742047825,AMECO NPAN1
Belgium,2023,36315.820648,52.804915,1566.814068,0.591387544,0.742218676,AMECO NPAN1
Belgium,2024,36496.676218,53.521983,1558.662044,0.589109050,0.742631663,AMECO NPAN1
Belgium,2025,36687.990457,53.740283,1561.837801,0.589510887,0.741474497,AMECO NPAN1
Spain,2000,23510.914340,32.512585,1757.512579,0.525998121,0.782231640,AMECO NPAN1
Spain,2001,24305.473706,32.519348,1766.227396,0.540436938,0.783015965,AMECO NPAN1
Spain,2002,24578.796465,32.582394,1764.885070,0.547498727,0.780689038,AMECO NPAN1
Spain,2003,24837.914860,32.677716,1752.871495,0.556454563,0.779262271,AMECO NPAN1
Spain,2004,25215.343987,32.783465,1737.160626,0.568205670,0.779227923,AMECO NPAN1
Spain,2005,25630.330365,32.885323,1719.537296,0.583791630,0.776394815,AMECO NPAN1
Spain,2006,26247.137791,33.066899,1708.435911,0.599374371,0.775160481,AMECO NPAN1
Spain,2007,26648.654148,33.397326,1695.670539,0.609320463,0.772282762,AMECO NPAN1
Spain,2008,26416.763728,33.427759,1704.681031,0.602567950,0.769348633,AMECO NPAN1
Spain,2009,25210.605801,34.211870,1710.353969,0.562126340,0.766454773,AMECO NPAN1
Spain,2010,25128.693136,35.039028,1701.799823,0.551965476,0.763479651,AMECO NPAN1
Spain,2011,24875.051038,35.568035,1707.173827,0.538876230,0.760216586,AMECO NPAN1
Spain,2012,24155.612828,36.296668,1696.515631,0.517501861,0.758021489,AMECO NPAN1
Spain,2013,23896.802830,36.823824,1683.473981,0.509331966,0.756839123,AMECO NPAN1
Spain,2014,24337.513366,36.999148,1683.663356,0.516247666,0.756782572,AMECO NPAN1
Spain,2015,25352.401121,37.381464,1685.630587,0.531735212,0.756667309,AMECO NPAN1
Spain,2016,26067.455042,37.513369,1691.810238,0.543129959,0.756235668,AMECO NPAN1
Spain,2017,26774.306160,37.790638,1683.933271,0.555500390,0.757399045,AMECO NPAN1
Spain,2018,27295.400352,37.763712,1688.829690,0.564383071,0.758324282,AMECO NPAN1
Spain,2019,27610.608974,37.850880,1673.448523,0.574476561,0.758779051,AMECO NPAN1
Spain,2020,24456.471721,37.868006,1557.910123,0.545433036,0.760041884,AMECO NPAN1
Spain,2021,26089.836384,37.674582,1626.514173,0.557971795,0.763049678,AMECO NPAN1
Spain,2022,27496.775603,38.142597,1647.339896,0.573238443,0.763401466,AMECO NPAN1
Spain,2023,27843.357062,38.063641,1638.195604,0.583293732,0.765522921,AMECO NPAN1
Spain,2024,28508.208721,38.518745,1635.927676,0.589327450,0.767674350,AMECO NPAN1
Spain,2025,29042.604188,38.804600,1625.385414,0.597172185,0.771074630,AMECO NPAN1
Austria,2000,31293.379823,37.144325,1794.551085,0.618774983,0.758702352,AMECO NPAN1
Austria,2001,31584.400977,37.649480,1782.557587,0.619924945,0.759155912,AMECO NPAN1
Austria,2002,31895.345053,38.301738,1779.296657,0.615874353,0.759920813,AMECO NPAN1
Austria,2003,32115.682686,38.673663,1771.096911,0.615951421,0.761225038,AMECO NPAN1
Austria,2004,32733.173121,39.364092,1776.246122,0.614190327,0.762222472,AMECO NPAN1
Austria,2005,33265.447887,40.359700,1753.962354,0.615642473,0.763302360,AMECO NPAN1
Austria,2006,34175.591360,41.359763,1737.427982,0.622063917,0.764532890,AMECO NPAN1
Austria,2007,35349.418830,42.404594,1728.254170,0.629534161,0.766200533,AMECO NPAN1
Austria,2008,35749.507189,42.389220,1722.650961,0.637463284,0.768001673,AMECO NPAN1
Austria,2009,34385.166358,42.236799,1676.337880,0.630664179,0.770052641,AMECO NPAN1
Austria,2010,34925.165873,42.849532,1672.452660,0.631497086,0.771733249,AMECO NPAN1
Austria,2011,35829.785572,43.269060,1683.111389,0.636266313,0.773241144,AMECO NPAN1
Austria,2012,35893.316008,43.729469,1663.351270,0.637013576,0.774652131,AMECO NPAN1
Austria,2013,35588.136780,43.825773,1654.603711,0.632965855,0.775356424,AMECO NPAN1
Austria,2014,35577.144901,43.951584,1652.553869,0.633002719,0.773811823,AMECO NPAN1
Austria,2015,35683.686974,44.863468,1636.127276,0.630331167,0.771242598,AMECO NPAN1
Austria,2016,35979.269639,44.850969,1649.319052,0.634856178,0.766126495,AMECO NPAN1
Austria,2017,36565.444654,45.417161,1640.440197,0.642433917,0.763944851,AMECO NPAN1
Austria,2018,37293.179313,45.612151,1647.054979,0.651126473,0.762386863,AMECO NPAN1
Austria,2019,37777.026427,45.663042,1658.344990,0.655563159,0.760980464,AMECO NPAN1
Austria,2020,35234.358124,46.914257,1533.289348,0.643750914,0.760885914,AMECO NPAN1
Austria,2021,36825.877909,46.900618,1579.373916,0.652498899,0.761920742,AMECO NPAN1
Austria,2022,38354.880402,48.164956,1585.478473,0.660868185,0.760001193,AMECO NPAN1
Austria,2023,37728.827725,47.487916,1586.066444,0.659002603,0.760119180,AMECO NPAN1
Austria,2024,37287.449223,47.108216,1587.888979,0.656452106,0.759351465,AMECO NPAN1
Austria,2025,37403.423448,47.150422,1596.976216,0.656344838,0.756824611,AMECO NPAN1
